1784555915.262562	data: {"id": "chatcmpl-f368492807314661bf6cd825", "object": "chat.completion.chunk", "created": 1784555915, "model": "dealignai/Nemotron-Omni-Nano-JANGTQ-CRACK", "choices": [{"index": 0, "delta": {"role": "assistant"}, "finish_reason": null}]}
1784555915.269549
1784555915.641961	data: {"id": "chatcmpl-f368492807314661bf6cd825", "object": "chat.completion.chunk", "created": 1784555915, "model": "dealignai/Nemotron-Omni-Nano-JANGTQ-CRACK", "choices": [{"index": 0, "delta": {"reasoning_content": "The"}, "finish_reason": null}]}
1784555915.653908
1784555915.661823	data: {"id": "chatcmpl-f368492807314661bf6cd825", "object": "chat.completion.chunk", "created": 1784555915, "model": "dealignai/Nemotron-Omni-Nano-JANGTQ-CRACK", "choices": [{"index": 0, "delta": {"reasoning_content": " user"}, "finish_reason": null}]}
1784555915.666954
1784555915.672060	data: {"id": "chatcmpl-f368492807314661bf6cd825", "object": "chat.completion.chunk", "created": 1784555915, "model": "dealignai/Nemotron-Omni-Nano-JANGTQ-CRACK", "choices": [{"index": 0, "delta": {"reasoning_content": " wants"}, "finish_reason": null}]}
1784555915.676607
1784555915.681492	data: {"id": "chatcmpl-f368492807314661bf6cd825", "object": "chat.completion.chunk", "created": 1784555915, "model": "dealignai/Nemotron-Omni-Nano-JANGTQ-CRACK", "choices": [{"index": 0, "delta": {"reasoning_content": " to"}, "finish_reason": null}]}
1784555915.686199
1784555915.690797	data: {"id": "chatcmpl-f368492807314661bf6cd825", "object": "chat.completion.chunk", "created": 1784555915, "model": "dealignai/Nemotron-Omni-Nano-JANGTQ-CRACK", "choices": [{"index": 0, "delta": {"reasoning_content": " listen"}, "finish_reason": null}]}
1784555915.695767
1784555915.700281	data: {"id": "chatcmpl-f368492807314661bf6cd825", "object": "chat.completion.chunk", "created": 1784555915, "model": "dealignai/Nemotron-Omni-Nano-JANGTQ-CRACK", "choices": [{"index": 0, "delta": {"reasoning_content": " to"}, "finish_reason": null}]}
1784555915.704871
1784555915.709662	data: {"id": "chatcmpl-f368492807314661bf6cd825", "object": "chat.completion.chunk", "created": 1784555915, "model": "dealignai/Nemotron-Omni-Nano-JANGTQ-CRACK", "choices": [{"index": 0, "delta": {"reasoning_content": " the"}, "finish_reason": null}]}
1784555915.714165
1784555915.719276	data: {"id": "chatcmpl-f368492807314661bf6cd825", "object": "chat.completion.chunk", "created": 1784555915, "model": "dealignai/Nemotron-Omni-Nano-JANGTQ-CRACK", "choices": [{"index": 0, "delta": {"reasoning_content": " audio"}, "finish_reason": null}]}
1784555915.724021
1784555915.728550	data: {"id": "chatcmpl-f368492807314661bf6cd825", "object": "chat.completion.chunk", "created": 1784555915, "model": "dealignai/Nemotron-Omni-Nano-JANGTQ-CRACK", "choices": [{"index": 0, "delta": {"reasoning_content": " and"}, "finish_reason": null}]}
1784555915.733359
1784555915.737918	data: {"id": "chatcmpl-f368492807314661bf6cd825", "object": "chat.completion.chunk", "created": 1784555915, "model": "dealignai/Nemotron-Omni-Nano-JANGTQ-CRACK", "choices": [{"index": 0, "delta": {"reasoning_content": " answer"}, "finish_reason": null}]}
1784555915.742822
1784555915.747470	data: {"id": "chatcmpl-f368492807314661bf6cd825", "object": "chat.completion.chunk", "created": 1784555915, "model": "dealignai/Nemotron-Omni-Nano-JANGTQ-CRACK", "choices": [{"index": 0, "delta": {"reasoning_content": " exactly"}, "finish_reason": null}]}
1784555915.751954
1784555915.756968	data: {"id": "chatcmpl-f368492807314661bf6cd825", "object": "chat.completion.chunk", "created": 1784555915, "model": "dealignai/Nemotron-Omni-Nano-JANGTQ-CRACK", "choices": [{"index": 0, "delta": {"reasoning_content": " \""}, "finish_reason": null}]}
1784555915.761388
1784555915.766114	data: {"id": "chatcmpl-f368492807314661bf6cd825", "object": "chat.completion.chunk", "created": 1784555915, "model": "dealignai/Nemotron-Omni-Nano-JANGTQ-CRACK", "choices": [{"index": 0, "delta": {"reasoning_content": "A"}, "finish_reason": null}]}
1784555915.770880
1784555915.775262	data: {"id": "chatcmpl-f368492807314661bf6cd825", "object": "chat.completion.chunk", "created": 1784555915, "model": "dealignai/Nemotron-Omni-Nano-JANGTQ-CRACK", "choices": [{"index": 0, "delta": {"reasoning_content": "UDIO"}, "finish_reason": null}]}
1784555915.780243
1784555915.784897	data: {"id": "chatcmpl-f368492807314661bf6cd825", "object": "chat.completion.chunk", "created": 1784555915, "model": "dealignai/Nemotron-Omni-Nano-JANGTQ-CRACK", "choices": [{"index": 0, "delta": {"reasoning_content": "-CH"}, "finish_reason": null}]}
1784555915.789276
1784555915.794265	data: {"id": "chatcmpl-f368492807314661bf6cd825", "object": "chat.completion.chunk", "created": 1784555915, "model": "dealignai/Nemotron-Omni-Nano-JANGTQ-CRACK", "choices": [{"index": 0, "delta": {"reasoning_content": "AT"}, "finish_reason": null}]}
1784555915.798676
1784555915.803909	data: {"id": "chatcmpl-f368492807314661bf6cd825", "object": "chat.completion.chunk", "created": 1784555915, "model": "dealignai/Nemotron-Omni-Nano-JANGTQ-CRACK", "choices": [{"index": 0, "delta": {"reasoning_content": "="}, "finish_reason": null}]}
1784555915.808565
1784555915.816585	data: {"id": "chatcmpl-f368492807314661bf6cd825", "object": "chat.completion.chunk", "created": 1784555915, "model": "dealignai/Nemotron-Omni-Nano-JANGTQ-CRACK", "choices": [{"index": 0, "delta": {"reasoning_content": "OR"}, "finish_reason": null}]}
1784555915.821384
1784555915.828161	data: {"id": "chatcmpl-f368492807314661bf6cd825", "object": "chat.completion.chunk", "created": 1784555915, "model": "dealignai/Nemotron-Omni-Nano-JANGTQ-CRACK", "choices": [{"index": 0, "delta": {"reasoning_content": "ANGE"}, "finish_reason": null}]}
1784555915.832872
1784555915.840872	data: {"id": "chatcmpl-f368492807314661bf6cd825", "object": "chat.completion.chunk", "created": 1784555915, "model": "dealignai/Nemotron-Omni-Nano-JANGTQ-CRACK", "choices": [{"index": 0, "delta": {"reasoning_content": "-"}, "finish_reason": null}]}
1784555915.845449
1784555915.852540	data: {"id": "chatcmpl-f368492807314661bf6cd825", "object": "chat.completion.chunk", "created": 1784555915, "model": "dealignai/Nemotron-Omni-Nano-JANGTQ-CRACK", "choices": [{"index": 0, "delta": {"reasoning_content": "4"}, "finish_reason": null}]}
1784555915.857193
1784555915.864137	data: {"id": "chatcmpl-f368492807314661bf6cd825", "object": "chat.completion.chunk", "created": 1784555915, "model": "dealignai/Nemotron-Omni-Nano-JANGTQ-CRACK", "choices": [{"index": 0, "delta": {"reasoning_content": "7"}, "finish_reason": null}]}
1784555915.868861
1784555915.876550	data: {"id": "chatcmpl-f368492807314661bf6cd825", "object": "chat.completion.chunk", "created": 1784555915, "model": "dealignai/Nemotron-Omni-Nano-JANGTQ-CRACK", "choices": [{"index": 0, "delta": {"reasoning_content": "2"}, "finish_reason": null}]}
1784555915.881266
1784555915.889080	data: {"id": "chatcmpl-f368492807314661bf6cd825", "object": "chat.completion.chunk", "created": 1784555915, "model": "dealignai/Nemotron-Omni-Nano-JANGTQ-CRACK", "choices": [{"index": 0, "delta": {"reasoning_content": "9"}, "finish_reason": null}]}
1784555915.893723
1784555915.901575	data: {"id": "chatcmpl-f368492807314661bf6cd825", "object": "chat.completion.chunk", "created": 1784555915, "model": "dealignai/Nemotron-Omni-Nano-JANGTQ-CRACK", "choices": [{"index": 0, "delta": {"reasoning_content": "\""}, "finish_reason": null}]}
1784555915.906229
1784555915.913228	data: {"id": "chatcmpl-f368492807314661bf6cd825", "object": "chat.completion.chunk", "created": 1784555915, "model": "dealignai/Nemotron-Omni-Nano-JANGTQ-CRACK", "choices": [{"index": 0, "delta": {"reasoning_content": " then"}, "finish_reason": null}]}
1784555915.917882
1784555915.925132	data: {"id": "chatcmpl-f368492807314661bf6cd825", "object": "chat.completion.chunk", "created": 1784555915, "model": "dealignai/Nemotron-Omni-Nano-JANGTQ-CRACK", "choices": [{"index": 0, "delta": {"reasoning_content": " \""}, "finish_reason": null}]}
1784555915.929830
1784555915.936689	data: {"id": "chatcmpl-f368492807314661bf6cd825", "object": "chat.completion.chunk", "created": 1784555915, "model": "dealignai/Nemotron-Omni-Nano-JANGTQ-CRACK", "choices": [{"index": 0, "delta": {"reasoning_content": "N"}, "finish_reason": null}]}
1784555915.941292
1784555915.948339	data: {"id": "chatcmpl-f368492807314661bf6cd825", "object": "chat.completion.chunk", "created": 1784555915, "model": "dealignai/Nemotron-Omni-Nano-JANGTQ-CRACK", "choices": [{"index": 0, "delta": {"reasoning_content": "EM"}, "finish_reason": null}]}
1784555915.952982
1784555915.961035	data: {"id": "chatcmpl-f368492807314661bf6cd825", "object": "chat.completion.chunk", "created": 1784555915, "model": "dealignai/Nemotron-Omni-Nano-JANGTQ-CRACK", "choices": [{"index": 0, "delta": {"reasoning_content": "O"}, "finish_reason": null}]}
1784555915.965642
1784555915.972677	data: {"id": "chatcmpl-f368492807314661bf6cd825", "object": "chat.completion.chunk", "created": 1784555915, "model": "dealignai/Nemotron-Omni-Nano-JANGTQ-CRACK", "choices": [{"index": 0, "delta": {"reasoning_content": "-A"}, "finish_reason": null}]}
1784555915.977413
1784555915.985119	data: {"id": "chatcmpl-f368492807314661bf6cd825", "object": "chat.completion.chunk", "created": 1784555915, "model": "dealignai/Nemotron-Omni-Nano-JANGTQ-CRACK", "choices": [{"index": 0, "delta": {"reasoning_content": "UDIO"}, "finish_reason": null}]}
1784555915.989854
1784555915.996728	data: {"id": "chatcmpl-f368492807314661bf6cd825", "object": "chat.completion.chunk", "created": 1784555915, "model": "dealignai/Nemotron-Omni-Nano-JANGTQ-CRACK", "choices": [{"index": 0, "delta": {"reasoning_content": "-CH"}, "finish_reason": null}]}
1784555916.001412
1784555916.008442	data: {"id": "chatcmpl-f368492807314661bf6cd825", "object": "chat.completion.chunk", "created": 1784555915, "model": "dealignai/Nemotron-Omni-Nano-JANGTQ-CRACK", "choices": [{"index": 0, "delta": {"reasoning_content": "AT"}, "finish_reason": null}]}
1784555916.013212
1784555916.020742	data: {"id": "chatcmpl-f368492807314661bf6cd825", "object": "chat.completion.chunk", "created": 1784555915, "model": "dealignai/Nemotron-Omni-Nano-JANGTQ-CRACK", "choices": [{"index": 0, "delta": {"reasoning_content": "1"}, "finish_reason": null}]}
1784555916.025442
1784555916.033175	data: {"id": "chatcmpl-f368492807314661bf6cd825", "object": "chat.completion.chunk", "created": 1784555915, "model": "dealignai/Nemotron-Omni-Nano-JANGTQ-CRACK", "choices": [{"index": 0, "delta": {"reasoning_content": "-D"}, "finish_reason": null}]}
1784555916.037855
1784555916.045710	data: {"id": "chatcmpl-f368492807314661bf6cd825", "object": "chat.completion.chunk", "created": 1784555915, "model": "dealignai/Nemotron-Omni-Nano-JANGTQ-CRACK", "choices": [{"index": 0, "delta": {"reasoning_content": "ONE"}, "finish_reason": null}]}
1784555916.050423
1784555916.057507	data: {"id": "chatcmpl-f368492807314661bf6cd825", "object": "chat.completion.chunk", "created": 1784555915, "model": "dealignai/Nemotron-Omni-Nano-JANGTQ-CRACK", "choices": [{"index": 0, "delta": {"reasoning_content": "\""}, "finish_reason": null}]}
1784555916.062110
1784555916.068979	data: {"id": "chatcmpl-f368492807314661bf6cd825", "object": "chat.completion.chunk", "created": 1784555915, "model": "dealignai/Nemotron-Omni-Nano-JANGTQ-CRACK", "choices": [{"index": 0, "delta": {"reasoning_content": " on"}, "finish_reason": null}]}
1784555916.073644
1784555916.081507	data: {"id": "chatcmpl-f368492807314661bf6cd825", "object": "chat.completion.chunk", "created": 1784555915, "model": "dealignai/Nemotron-Omni-Nano-JANGTQ-CRACK", "choices": [{"index": 0, "delta": {"reasoning_content": " the"}, "finish_reason": null}]}
1784555916.086083
1784555916.093105	data: {"id": "chatcmpl-f368492807314661bf6cd825", "object": "chat.completion.chunk", "created": 1784555915, "model": "dealignai/Nemotron-Omni-Nano-JANGTQ-CRACK", "choices": [{"index": 0, "delta": {"reasoning_content": " next"}, "finish_reason": null}]}
1784555916.097741
1784555916.105581	data: {"id": "chatcmpl-f368492807314661bf6cd825", "object": "chat.completion.chunk", "created": 1784555915, "model": "dealignai/Nemotron-Omni-Nano-JANGTQ-CRACK", "choices": [{"index": 0, "delta": {"reasoning_content": " line"}, "finish_reason": null}]}
1784555916.110178
1784555916.117178	data: {"id": "chatcmpl-f368492807314661bf6cd825", "object": "chat.completion.chunk", "created": 1784555915, "model": "dealignai/Nemotron-Omni-Nano-JANGTQ-CRACK", "choices": [{"index": 0, "delta": {"reasoning_content": "."}, "finish_reason": null}]}
1784555916.121949
1784555916.129619	data: {"id": "chatcmpl-f368492807314661bf6cd825", "object": "chat.completion.chunk", "created": 1784555915, "model": "dealignai/Nemotron-Omni-Nano-JANGTQ-CRACK", "choices": [{"index": 0, "delta": {"reasoning_content": " So"}, "finish_reason": null}]}
1784555916.134153
1784555916.141310	data: {"id": "chatcmpl-f368492807314661bf6cd825", "object": "chat.completion.chunk", "created": 1784555915, "model": "dealignai/Nemotron-Omni-Nano-JANGTQ-CRACK", "choices": [{"index": 0, "delta": {"reasoning_content": " we"}, "finish_reason": null}]}
1784555916.145925
1784555916.152951	data: {"id": "chatcmpl-f368492807314661bf6cd825", "object": "chat.completion.chunk", "created": 1784555915, "model": "dealignai/Nemotron-Omni-Nano-JANGTQ-CRACK", "choices": [{"index": 0, "delta": {"reasoning_content": " need"}, "finish_reason": null}]}
1784555916.157596
1784555916.165299	data: {"id": "chatcmpl-f368492807314661bf6cd825", "object": "chat.completion.chunk", "created": 1784555915, "model": "dealignai/Nemotron-Omni-Nano-JANGTQ-CRACK", "choices": [{"index": 0, "delta": {"reasoning_content": " to"}, "finish_reason": null}]}
1784555916.169906
1784555916.177036	data: {"id": "chatcmpl-f368492807314661bf6cd825", "object": "chat.completion.chunk", "created": 1784555915, "model": "dealignai/Nemotron-Omni-Nano-JANGTQ-CRACK", "choices": [{"index": 0, "delta": {"reasoning_content": " parse"}, "finish_reason": null}]}
1784555916.181714
1784555916.188736	data: {"id": "chatcmpl-f368492807314661bf6cd825", "object": "chat.completion.chunk", "created": 1784555915, "model": "dealignai/Nemotron-Omni-Nano-JANGTQ-CRACK", "choices": [{"index": 0, "delta": {"reasoning_content": " the"}, "finish_reason": null}]}
1784555916.193386
1784555916.200481	data: {"id": "chatcmpl-f368492807314661bf6cd825", "object": "chat.completion.chunk", "created": 1784555915, "model": "dealignai/Nemotron-Omni-Nano-JANGTQ-CRACK", "choices": [{"index": 0, "delta": {"reasoning_content": " audio"}, "finish_reason": null}]}
1784555916.205101
1784555916.212814	data: {"id": "chatcmpl-f368492807314661bf6cd825", "object": "chat.completion.chunk", "created": 1784555915, "model": "dealignai/Nemotron-Omni-Nano-JANGTQ-CRACK", "choices": [{"index": 0, "delta": {"reasoning_content": ":"}, "finish_reason": null}]}
1784555916.217521
1784555916.225078	data: {"id": "chatcmpl-f368492807314661bf6cd825", "object": "chat.completion.chunk", "created": 1784555915, "model": "dealignai/Nemotron-Omni-Nano-JANGTQ-CRACK", "choices": [{"index": 0, "delta": {"reasoning_content": " It"}, "finish_reason": null}]}
1784555916.230005
1784555916.237833	data: {"id": "chatcmpl-f368492807314661bf6cd825", "object": "chat.completion.chunk", "created": 1784555915, "model": "dealignai/Nemotron-Omni-Nano-JANGTQ-CRACK", "choices": [{"index": 0, "delta": {"reasoning_content": " says"}, "finish_reason": null}]}
1784555916.242492
1784555916.249363	data: {"id": "chatcmpl-f368492807314661bf6cd825", "object": "chat.completion.chunk", "created": 1784555915, "model": "dealignai/Nemotron-Omni-Nano-JANGTQ-CRACK", "choices": [{"index": 0, "delta": {"reasoning_content": " \""}, "finish_reason": null}]}
1784555916.253944
1784555916.261051	data: {"id": "chatcmpl-f368492807314661bf6cd825", "object": "chat.completion.chunk", "created": 1784555915, "model": "dealignai/Nemotron-Omni-Nano-JANGTQ-CRACK", "choices": [{"index": 0, "delta": {"reasoning_content": "The"}, "finish_reason": null}]}
1784555916.265680
1784555916.273601	data: {"id": "chatcmpl-f368492807314661bf6cd825", "object": "chat.completion.chunk", "created": 1784555915, "model": "dealignai/Nemotron-Omni-Nano-JANGTQ-CRACK", "choices": [{"index": 0, "delta": {"reasoning_content": " secret"}, "finish_reason": null}]}
1784555916.278306
1784555916.285220	data: {"id": "chatcmpl-f368492807314661bf6cd825", "object": "chat.completion.chunk", "created": 1784555915, "model": "dealignai/Nemotron-Omni-Nano-JANGTQ-CRACK", "choices": [{"index": 0, "delta": {"reasoning_content": " audio"}, "finish_reason": null}]}
1784555916.289883
1784555916.297814	data: {"id": "chatcmpl-f368492807314661bf6cd825", "object": "chat.completion.chunk", "created": 1784555915, "model": "dealignai/Nemotron-Omni-Nano-JANGTQ-CRACK", "choices": [{"index": 0, "delta": {"reasoning_content": " marker"}, "finish_reason": null}]}
1784555916.302429
1784555916.309498	data: {"id": "chatcmpl-f368492807314661bf6cd825", "object": "chat.completion.chunk", "created": 1784555915, "model": "dealignai/Nemotron-Omni-Nano-JANGTQ-CRACK", "choices": [{"index": 0, "delta": {"reasoning_content": " is"}, "finish_reason": null}]}
1784555916.314118
1784555916.321198	data: {"id": "chatcmpl-f368492807314661bf6cd825", "object": "chat.completion.chunk", "created": 1784555915, "model": "dealignai/Nemotron-Omni-Nano-JANGTQ-CRACK", "choices": [{"index": 0, "delta": {"reasoning_content": " orange"}, "finish_reason": null}]}
1784555916.325822
1784555916.333061	data: {"id": "chatcmpl-f368492807314661bf6cd825", "object": "chat.completion.chunk", "created": 1784555915, "model": "dealignai/Nemotron-Omni-Nano-JANGTQ-CRACK", "choices": [{"index": 0, "delta": {"reasoning_content": " "}, "finish_reason": null}]}
1784555916.337769
1784555916.344593	data: {"id": "chatcmpl-f368492807314661bf6cd825", "object": "chat.completion.chunk", "created": 1784555915, "model": "dealignai/Nemotron-Omni-Nano-JANGTQ-CRACK", "choices": [{"index": 0, "delta": {"reasoning_content": "4"}, "finish_reason": null}]}
1784555916.349259
1784555916.357010	data: {"id": "chatcmpl-f368492807314661bf6cd825", "object": "chat.completion.chunk", "created": 1784555915, "model": "dealignai/Nemotron-Omni-Nano-JANGTQ-CRACK", "choices": [{"index": 0, "delta": {"reasoning_content": "7"}, "finish_reason": null}]}
1784555916.361601
1784555916.368697	data: {"id": "chatcmpl-f368492807314661bf6cd825", "object": "chat.completion.chunk", "created": 1784555915, "model": "dealignai/Nemotron-Omni-Nano-JANGTQ-CRACK", "choices": [{"index": 0, "delta": {"reasoning_content": "2"}, "finish_reason": null}]}
1784555916.373343
1784555916.380246	data: {"id": "chatcmpl-f368492807314661bf6cd825", "object": "chat.completion.chunk", "created": 1784555915, "model": "dealignai/Nemotron-Omni-Nano-JANGTQ-CRACK", "choices": [{"index": 0, "delta": {"reasoning_content": "9"}, "finish_reason": null}]}
1784555916.384844
1784555916.392768	data: {"id": "chatcmpl-f368492807314661bf6cd825", "object": "chat.completion.chunk", "created": 1784555915, "model": "dealignai/Nemotron-Omni-Nano-JANGTQ-CRACK", "choices": [{"index": 0, "delta": {"reasoning_content": ".\""}, "finish_reason": null}]}
1784555916.397295
1784555916.404368	data: {"id": "chatcmpl-f368492807314661bf6cd825", "object": "chat.completion.chunk", "created": 1784555915, "model": "dealignai/Nemotron-Omni-Nano-JANGTQ-CRACK", "choices": [{"index": 0, "delta": {"reasoning_content": " So"}, "finish_reason": null}]}
1784555916.409053
1784555916.417013	data: {"id": "chatcmpl-f368492807314661bf6cd825", "object": "chat.completion.chunk", "created": 1784555915, "model": "dealignai/Nemotron-Omni-Nano-JANGTQ-CRACK", "choices": [{"index": 0, "delta": {"reasoning_content": " the"}, "finish_reason": null}]}
1784555916.421650
1784555916.429379	data: {"id": "chatcmpl-f368492807314661bf6cd825", "object": "chat.completion.chunk", "created": 1784555915, "model": "dealignai/Nemotron-Omni-Nano-JANGTQ-CRACK", "choices": [{"index": 0, "delta": {"reasoning_content": " marker"}, "finish_reason": null}]}
1784555916.433904
1784555916.440898	data: {"id": "chatcmpl-f368492807314661bf6cd825", "object": "chat.completion.chunk", "created": 1784555915, "model": "dealignai/Nemotron-Omni-Nano-JANGTQ-CRACK", "choices": [{"index": 0, "delta": {"reasoning_content": " is"}, "finish_reason": null}]}
1784555916.445538
1784555916.453285	data: {"id": "chatcmpl-f368492807314661bf6cd825", "object": "chat.completion.chunk", "created": 1784555915, "model": "dealignai/Nemotron-Omni-Nano-JANGTQ-CRACK", "choices": [{"index": 0, "delta": {"reasoning_content": " orange"}, "finish_reason": null}]}
1784555916.457863
1784555916.465778	data: {"id": "chatcmpl-f368492807314661bf6cd825", "object": "chat.completion.chunk", "created": 1784555915, "model": "dealignai/Nemotron-Omni-Nano-JANGTQ-CRACK", "choices": [{"index": 0, "delta": {"reasoning_content": " "}, "finish_reason": null}]}
1784555916.470369
1784555916.477568	data: {"id": "chatcmpl-f368492807314661bf6cd825", "object": "chat.completion.chunk", "created": 1784555915, "model": "dealignai/Nemotron-Omni-Nano-JANGTQ-CRACK", "choices": [{"index": 0, "delta": {"reasoning_content": "4"}, "finish_reason": null}]}
1784555916.482128
1784555916.489219	data: {"id": "chatcmpl-f368492807314661bf6cd825", "object": "chat.completion.chunk", "created": 1784555915, "model": "dealignai/Nemotron-Omni-Nano-JANGTQ-CRACK", "choices": [{"index": 0, "delta": {"reasoning_content": "7"}, "finish_reason": null}]}
1784555916.493884
1784555916.501667	data: {"id": "chatcmpl-f368492807314661bf6cd825", "object": "chat.completion.chunk", "created": 1784555915, "model": "dealignai/Nemotron-Omni-Nano-JANGTQ-CRACK", "choices": [{"index": 0, "delta": {"reasoning_content": "2"}, "finish_reason": null}]}
1784555916.506243
1784555916.514178	data: {"id": "chatcmpl-f368492807314661bf6cd825", "object": "chat.completion.chunk", "created": 1784555915, "model": "dealignai/Nemotron-Omni-Nano-JANGTQ-CRACK", "choices": [{"index": 0, "delta": {"reasoning_content": "9"}, "finish_reason": null}]}
1784555916.518740
1784555916.525841	data: {"id": "chatcmpl-f368492807314661bf6cd825", "object": "chat.completion.chunk", "created": 1784555915, "model": "dealignai/Nemotron-Omni-Nano-JANGTQ-CRACK", "choices": [{"index": 0, "delta": {"reasoning_content": "."}, "finish_reason": null}]}
1784555916.530498
1784555916.538323	data: {"id": "chatcmpl-f368492807314661bf6cd825", "object": "chat.completion.chunk", "created": 1784555915, "model": "dealignai/Nemotron-Omni-Nano-JANGTQ-CRACK", "choices": [{"index": 0, "delta": {"reasoning_content": " So"}, "finish_reason": null}]}
1784555916.543053
1784555916.550667	data: {"id": "chatcmpl-f368492807314661bf6cd825", "object": "chat.completion.chunk", "created": 1784555915, "model": "dealignai/Nemotron-Omni-Nano-JANGTQ-CRACK", "choices": [{"index": 0, "delta": {"reasoning_content": " answer"}, "finish_reason": null}]}
1784555916.555250
1784555916.562457	data: {"id": "chatcmpl-f368492807314661bf6cd825", "object": "chat.completion.chunk", "created": 1784555915, "model": "dealignai/Nemotron-Omni-Nano-JANGTQ-CRACK", "choices": [{"index": 0, "delta": {"reasoning_content": ":"}, "finish_reason": null}]}
1784555916.567132
1784555916.574121	data: {"id": "chatcmpl-f368492807314661bf6cd825", "object": "chat.completion.chunk", "created": 1784555915, "model": "dealignai/Nemotron-Omni-Nano-JANGTQ-CRACK", "choices": [{"index": 0, "delta": {"reasoning_content": " A"}, "finish_reason": null}]}
1784555916.578728
1784555916.585928	data: {"id": "chatcmpl-f368492807314661bf6cd825", "object": "chat.completion.chunk", "created": 1784555915, "model": "dealignai/Nemotron-Omni-Nano-JANGTQ-CRACK", "choices": [{"index": 0, "delta": {"reasoning_content": "UDIO"}, "finish_reason": null}]}
1784555916.590576
1784555916.598161	data: {"id": "chatcmpl-f368492807314661bf6cd825", "object": "chat.completion.chunk", "created": 1784555915, "model": "dealignai/Nemotron-Omni-Nano-JANGTQ-CRACK", "choices": [{"index": 0, "delta": {"reasoning_content": "-CH"}, "finish_reason": null}]}
1784555916.602882
1784555916.610589	data: {"id": "chatcmpl-f368492807314661bf6cd825", "object": "chat.completion.chunk", "created": 1784555915, "model": "dealignai/Nemotron-Omni-Nano-JANGTQ-CRACK", "choices": [{"index": 0, "delta": {"reasoning_content": "AT"}, "finish_reason": null}]}
1784555916.615255
1784555916.622464	data: {"id": "chatcmpl-f368492807314661bf6cd825", "object": "chat.completion.chunk", "created": 1784555915, "model": "dealignai/Nemotron-Omni-Nano-JANGTQ-CRACK", "choices": [{"index": 0, "delta": {"reasoning_content": "="}, "finish_reason": null}]}
1784555916.627186
1784555916.634220	data: {"id": "chatcmpl-f368492807314661bf6cd825", "object": "chat.completion.chunk", "created": 1784555915, "model": "dealignai/Nemotron-Omni-Nano-JANGTQ-CRACK", "choices": [{"index": 0, "delta": {"reasoning_content": "OR"}, "finish_reason": null}]}
1784555916.638858
1784555916.645853	data: {"id": "chatcmpl-f368492807314661bf6cd825", "object": "chat.completion.chunk", "created": 1784555915, "model": "dealignai/Nemotron-Omni-Nano-JANGTQ-CRACK", "choices": [{"index": 0, "delta": {"reasoning_content": "ANGE"}, "finish_reason": null}]}
1784555916.650635
1784555916.658318	data: {"id": "chatcmpl-f368492807314661bf6cd825", "object": "chat.completion.chunk", "created": 1784555915, "model": "dealignai/Nemotron-Omni-Nano-JANGTQ-CRACK", "choices": [{"index": 0, "delta": {"reasoning_content": "-"}, "finish_reason": null}]}
1784555916.662983
1784555916.670097	data: {"id": "chatcmpl-f368492807314661bf6cd825", "object": "chat.completion.chunk", "created": 1784555915, "model": "dealignai/Nemotron-Omni-Nano-JANGTQ-CRACK", "choices": [{"index": 0, "delta": {"reasoning_content": "4"}, "finish_reason": null}]}
1784555916.674754
1784555916.681647	data: {"id": "chatcmpl-f368492807314661bf6cd825", "object": "chat.completion.chunk", "created": 1784555915, "model": "dealignai/Nemotron-Omni-Nano-JANGTQ-CRACK", "choices": [{"index": 0, "delta": {"reasoning_content": "7"}, "finish_reason": null}]}
1784555916.686198
1784555916.693215	data: {"id": "chatcmpl-f368492807314661bf6cd825", "object": "chat.completion.chunk", "created": 1784555915, "model": "dealignai/Nemotron-Omni-Nano-JANGTQ-CRACK", "choices": [{"index": 0, "delta": {"reasoning_content": "2"}, "finish_reason": null}]}
1784555916.697796
1784555916.705672	data: {"id": "chatcmpl-f368492807314661bf6cd825", "object": "chat.completion.chunk", "created": 1784555915, "model": "dealignai/Nemotron-Omni-Nano-JANGTQ-CRACK", "choices": [{"index": 0, "delta": {"reasoning_content": "9"}, "finish_reason": null}]}
1784555916.710434
1784555916.717997	data: {"id": "chatcmpl-f368492807314661bf6cd825", "object": "chat.completion.chunk", "created": 1784555915, "model": "dealignai/Nemotron-Omni-Nano-JANGTQ-CRACK", "choices": [{"index": 0, "delta": {"reasoning_content": " then"}, "finish_reason": null}]}
1784555916.722741
1784555916.730594	data: {"id": "chatcmpl-f368492807314661bf6cd825", "object": "chat.completion.chunk", "created": 1784555915, "model": "dealignai/Nemotron-Omni-Nano-JANGTQ-CRACK", "choices": [{"index": 0, "delta": {"reasoning_content": " N"}, "finish_reason": null}]}
1784555916.735370
1784555916.742903	data: {"id": "chatcmpl-f368492807314661bf6cd825", "object": "chat.completion.chunk", "created": 1784555915, "model": "dealignai/Nemotron-Omni-Nano-JANGTQ-CRACK", "choices": [{"index": 0, "delta": {"reasoning_content": "EM"}, "finish_reason": null}]}
1784555916.747555
1784555916.755169	data: {"id": "chatcmpl-f368492807314661bf6cd825", "object": "chat.completion.chunk", "created": 1784555915, "model": "dealignai/Nemotron-Omni-Nano-JANGTQ-CRACK", "choices": [{"index": 0, "delta": {"reasoning_content": "O"}, "finish_reason": null}]}
1784555916.759780
1784555916.767591	data: {"id": "chatcmpl-f368492807314661bf6cd825", "object": "chat.completion.chunk", "created": 1784555915, "model": "dealignai/Nemotron-Omni-Nano-JANGTQ-CRACK", "choices": [{"index": 0, "delta": {"reasoning_content": "-A"}, "finish_reason": null}]}
1784555916.772242
1784555916.779396	data: {"id": "chatcmpl-f368492807314661bf6cd825", "object": "chat.completion.chunk", "created": 1784555915, "model": "dealignai/Nemotron-Omni-Nano-JANGTQ-CRACK", "choices": [{"index": 0, "delta": {"reasoning_content": "UDIO"}, "finish_reason": null}]}
1784555916.784033
1784555916.791158	data: {"id": "chatcmpl-f368492807314661bf6cd825", "object": "chat.completion.chunk", "created": 1784555915, "model": "dealignai/Nemotron-Omni-Nano-JANGTQ-CRACK", "choices": [{"index": 0, "delta": {"reasoning_content": "-CH"}, "finish_reason": null}]}
1784555916.795801
1784555916.802822	data: {"id": "chatcmpl-f368492807314661bf6cd825", "object": "chat.completion.chunk", "created": 1784555915, "model": "dealignai/Nemotron-Omni-Nano-JANGTQ-CRACK", "choices": [{"index": 0, "delta": {"reasoning_content": "AT"}, "finish_reason": null}]}
1784555916.807396
1784555916.814531	data: {"id": "chatcmpl-f368492807314661bf6cd825", "object": "chat.completion.chunk", "created": 1784555915, "model": "dealignai/Nemotron-Omni-Nano-JANGTQ-CRACK", "choices": [{"index": 0, "delta": {"reasoning_content": "1"}, "finish_reason": null}]}
1784555916.819104
1784555916.826132	data: {"id": "chatcmpl-f368492807314661bf6cd825", "object": "chat.completion.chunk", "created": 1784555915, "model": "dealignai/Nemotron-Omni-Nano-JANGTQ-CRACK", "choices": [{"index": 0, "delta": {"reasoning_content": "-D"}, "finish_reason": null}]}
1784555916.830833
1784555916.838542	data: {"id": "chatcmpl-f368492807314661bf6cd825", "object": "chat.completion.chunk", "created": 1784555915, "model": "dealignai/Nemotron-Omni-Nano-JANGTQ-CRACK", "choices": [{"index": 0, "delta": {"reasoning_content": "ONE"}, "finish_reason": null}]}
1784555916.843282
1784555916.850979	data: {"id": "chatcmpl-f368492807314661bf6cd825", "object": "chat.completion.chunk", "created": 1784555915, "model": "dealignai/Nemotron-Omni-Nano-JANGTQ-CRACK", "choices": [{"index": 0, "delta": {"reasoning_content": " on"}, "finish_reason": null}]}
1784555916.855618
1784555916.862624	data: {"id": "chatcmpl-f368492807314661bf6cd825", "object": "chat.completion.chunk", "created": 1784555915, "model": "dealignai/Nemotron-Omni-Nano-JANGTQ-CRACK", "choices": [{"index": 0, "delta": {"reasoning_content": " next"}, "finish_reason": null}]}
1784555916.867329
1784555916.875009	data: {"id": "chatcmpl-f368492807314661bf6cd825", "object": "chat.completion.chunk", "created": 1784555915, "model": "dealignai/Nemotron-Omni-Nano-JANGTQ-CRACK", "choices": [{"index": 0, "delta": {"reasoning_content": " line"}, "finish_reason": null}]}
1784555916.879565
1784555916.886792	data: {"id": "chatcmpl-f368492807314661bf6cd825", "object": "chat.completion.chunk", "created": 1784555915, "model": "dealignai/Nemotron-Omni-Nano-JANGTQ-CRACK", "choices": [{"index": 0, "delta": {"reasoning_content": ".\n\n"}, "finish_reason": null}]}
1784555916.891283
1784555916.898407	data: {"id": "chatcmpl-f368492807314661bf6cd825", "object": "chat.completion.chunk", "created": 1784555915, "model": "dealignai/Nemotron-Omni-Nano-JANGTQ-CRACK", "choices": [{"index": 0, "delta": {"reasoning_content": "Thus"}, "finish_reason": null}]}
1784555916.903069
1784555916.911110	data: {"id": "chatcmpl-f368492807314661bf6cd825", "object": "chat.completion.chunk", "created": 1784555915, "model": "dealignai/Nemotron-Omni-Nano-JANGTQ-CRACK", "choices": [{"index": 0, "delta": {"reasoning_content": " output"}, "finish_reason": null}]}
1784555916.915730
1784555916.922679	data: {"id": "chatcmpl-f368492807314661bf6cd825", "object": "chat.completion.chunk", "created": 1784555915, "model": "dealignai/Nemotron-Omni-Nano-JANGTQ-CRACK", "choices": [{"index": 0, "delta": {"reasoning_content": ":\n\n"}, "finish_reason": null}]}
1784555916.927310
1784555916.934433	data: {"id": "chatcmpl-f368492807314661bf6cd825", "object": "chat.completion.chunk", "created": 1784555915, "model": "dealignai/Nemotron-Omni-Nano-JANGTQ-CRACK", "choices": [{"index": 0, "delta": {"reasoning_content": "A"}, "finish_reason": null}]}
1784555916.939129
1784555916.945962	data: {"id": "chatcmpl-f368492807314661bf6cd825", "object": "chat.completion.chunk", "created": 1784555915, "model": "dealignai/Nemotron-Omni-Nano-JANGTQ-CRACK", "choices": [{"index": 0, "delta": {"reasoning_content": "UDIO"}, "finish_reason": null}]}
1784555916.950528
1784555916.958465	data: {"id": "chatcmpl-f368492807314661bf6cd825", "object": "chat.completion.chunk", "created": 1784555915, "model": "dealignai/Nemotron-Omni-Nano-JANGTQ-CRACK", "choices": [{"index": 0, "delta": {"reasoning_content": "-CH"}, "finish_reason": null}]}
1784555916.963144
1784555916.970721	data: {"id": "chatcmpl-f368492807314661bf6cd825", "object": "chat.completion.chunk", "created": 1784555915, "model": "dealignai/Nemotron-Omni-Nano-JANGTQ-CRACK", "choices": [{"index": 0, "delta": {"reasoning_content": "AT"}, "finish_reason": null}]}
1784555916.975457
1784555916.983122	data: {"id": "chatcmpl-f368492807314661bf6cd825", "object": "chat.completion.chunk", "created": 1784555915, "model": "dealignai/Nemotron-Omni-Nano-JANGTQ-CRACK", "choices": [{"index": 0, "delta": {"reasoning_content": "="}, "finish_reason": null}]}
1784555916.987763
1784555916.994715	data: {"id": "chatcmpl-f368492807314661bf6cd825", "object": "chat.completion.chunk", "created": 1784555915, "model": "dealignai/Nemotron-Omni-Nano-JANGTQ-CRACK", "choices": [{"index": 0, "delta": {"reasoning_content": "OR"}, "finish_reason": null}]}
1784555916.999432
1784555917.007522	data: {"id": "chatcmpl-f368492807314661bf6cd825", "object": "chat.completion.chunk", "created": 1784555915, "model": "dealignai/Nemotron-Omni-Nano-JANGTQ-CRACK", "choices": [{"index": 0, "delta": {"reasoning_content": "ANGE"}, "finish_reason": null}]}
1784555917.012174
1784555917.019153	data: {"id": "chatcmpl-f368492807314661bf6cd825", "object": "chat.completion.chunk", "created": 1784555915, "model": "dealignai/Nemotron-Omni-Nano-JANGTQ-CRACK", "choices": [{"index": 0, "delta": {"reasoning_content": "-"}, "finish_reason": null}]}
1784555917.023840
1784555917.031753	data: {"id": "chatcmpl-f368492807314661bf6cd825", "object": "chat.completion.chunk", "created": 1784555915, "model": "dealignai/Nemotron-Omni-Nano-JANGTQ-CRACK", "choices": [{"index": 0, "delta": {"reasoning_content": "4"}, "finish_reason": null}]}
1784555917.036455
1784555917.043265	data: {"id": "chatcmpl-f368492807314661bf6cd825", "object": "chat.completion.chunk", "created": 1784555915, "model": "dealignai/Nemotron-Omni-Nano-JANGTQ-CRACK", "choices": [{"index": 0, "delta": {"reasoning_content": "7"}, "finish_reason": null}]}
1784555917.047969
1784555917.055742	data: {"id": "chatcmpl-f368492807314661bf6cd825", "object": "chat.completion.chunk", "created": 1784555915, "model": "dealignai/Nemotron-Omni-Nano-JANGTQ-CRACK", "choices": [{"index": 0, "delta": {"reasoning_content": "2"}, "finish_reason": null}]}
1784555917.060262
1784555917.067388	data: {"id": "chatcmpl-f368492807314661bf6cd825", "object": "chat.completion.chunk", "created": 1784555915, "model": "dealignai/Nemotron-Omni-Nano-JANGTQ-CRACK", "choices": [{"index": 0, "delta": {"reasoning_content": "9"}, "finish_reason": null}]}
1784555917.072023
1784555917.079881	data: {"id": "chatcmpl-f368492807314661bf6cd825", "object": "chat.completion.chunk", "created": 1784555915, "model": "dealignai/Nemotron-Omni-Nano-JANGTQ-CRACK", "choices": [{"index": 0, "delta": {"reasoning_content": "\n"}, "finish_reason": null}]}
1784555917.084458
1784555917.091524	data: {"id": "chatcmpl-f368492807314661bf6cd825", "object": "chat.completion.chunk", "created": 1784555915, "model": "dealignai/Nemotron-Omni-Nano-JANGTQ-CRACK", "choices": [{"index": 0, "delta": {"reasoning_content": "N"}, "finish_reason": null}]}
1784555917.096167
1784555917.103939	data: {"id": "chatcmpl-f368492807314661bf6cd825", "object": "chat.completion.chunk", "created": 1784555915, "model": "dealignai/Nemotron-Omni-Nano-JANGTQ-CRACK", "choices": [{"index": 0, "delta": {"reasoning_content": "EM"}, "finish_reason": null}]}
1784555917.108551
1784555917.115690	data: {"id": "chatcmpl-f368492807314661bf6cd825", "object": "chat.completion.chunk", "created": 1784555915, "model": "dealignai/Nemotron-Omni-Nano-JANGTQ-CRACK", "choices": [{"index": 0, "delta": {"reasoning_content": "O"}, "finish_reason": null}]}
1784555917.120380
1784555917.128120	data: {"id": "chatcmpl-f368492807314661bf6cd825", "object": "chat.completion.chunk", "created": 1784555915, "model": "dealignai/Nemotron-Omni-Nano-JANGTQ-CRACK", "choices": [{"index": 0, "delta": {"reasoning_content": "-A"}, "finish_reason": null}]}
1784555917.132728
1784555917.139761	data: {"id": "chatcmpl-f368492807314661bf6cd825", "object": "chat.completion.chunk", "created": 1784555915, "model": "dealignai/Nemotron-Omni-Nano-JANGTQ-CRACK", "choices": [{"index": 0, "delta": {"reasoning_content": "UDIO"}, "finish_reason": null}]}
1784555917.144368
1784555917.152206	data: {"id": "chatcmpl-f368492807314661bf6cd825", "object": "chat.completion.chunk", "created": 1784555915, "model": "dealignai/Nemotron-Omni-Nano-JANGTQ-CRACK", "choices": [{"index": 0, "delta": {"reasoning_content": "-CH"}, "finish_reason": null}]}
1784555917.156944
1784555917.164483	data: {"id": "chatcmpl-f368492807314661bf6cd825", "object": "chat.completion.chunk", "created": 1784555915, "model": "dealignai/Nemotron-Omni-Nano-JANGTQ-CRACK", "choices": [{"index": 0, "delta": {"reasoning_content": "AT"}, "finish_reason": null}]}
1784555917.169161
1784555917.176965	data: {"id": "chatcmpl-f368492807314661bf6cd825", "object": "chat.completion.chunk", "created": 1784555915, "model": "dealignai/Nemotron-Omni-Nano-JANGTQ-CRACK", "choices": [{"index": 0, "delta": {"reasoning_content": "1"}, "finish_reason": null}]}
1784555917.181613
1784555917.188731	data: {"id": "chatcmpl-f368492807314661bf6cd825", "object": "chat.completion.chunk", "created": 1784555915, "model": "dealignai/Nemotron-Omni-Nano-JANGTQ-CRACK", "choices": [{"index": 0, "delta": {"reasoning_content": "-D"}, "finish_reason": null}]}
1784555917.193322
1784555917.200269	data: {"id": "chatcmpl-f368492807314661bf6cd825", "object": "chat.completion.chunk", "created": 1784555915, "model": "dealignai/Nemotron-Omni-Nano-JANGTQ-CRACK", "choices": [{"index": 0, "delta": {"reasoning_content": "ONE"}, "finish_reason": null}]}
1784555917.204964
1784555917.212728	data: {"id": "chatcmpl-f368492807314661bf6cd825", "object": "chat.completion.chunk", "created": 1784555915, "model": "dealignai/Nemotron-Omni-Nano-JANGTQ-CRACK", "choices": [{"index": 0, "delta": {"reasoning_content": "\n\n"}, "finish_reason": null}]}
1784555917.217444
1784555917.224446	data: {"id": "chatcmpl-f368492807314661bf6cd825", "object": "chat.completion.chunk", "created": 1784555915, "model": "dealignai/Nemotron-Omni-Nano-JANGTQ-CRACK", "choices": [{"index": 0, "delta": {"reasoning_content": "Make"}, "finish_reason": null}]}
1784555917.229358
1784555917.236936	data: {"id": "chatcmpl-f368492807314661bf6cd825", "object": "chat.completion.chunk", "created": 1784555915, "model": "dealignai/Nemotron-Omni-Nano-JANGTQ-CRACK", "choices": [{"index": 0, "delta": {"reasoning_content": " sure"}, "finish_reason": null}]}
1784555917.241706
1784555917.248514	data: {"id": "chatcmpl-f368492807314661bf6cd825", "object": "chat.completion.chunk", "created": 1784555915, "model": "dealignai/Nemotron-Omni-Nano-JANGTQ-CRACK", "choices": [{"index": 0, "delta": {"reasoning_content": " formatting"}, "finish_reason": null}]}
1784555917.253345
1784555917.261080	data: {"id": "chatcmpl-f368492807314661bf6cd825", "object": "chat.completion.chunk", "created": 1784555915, "model": "dealignai/Nemotron-Omni-Nano-JANGTQ-CRACK", "choices": [{"index": 0, "delta": {"reasoning_content": ":"}, "finish_reason": null}]}
1784555917.265793
1784555917.272886	data: {"id": "chatcmpl-f368492807314661bf6cd825", "object": "chat.completion.chunk", "created": 1784555915, "model": "dealignai/Nemotron-Omni-Nano-JANGTQ-CRACK", "choices": [{"index": 0, "delta": {"reasoning_content": " exactly"}, "finish_reason": null}]}
1784555917.277514
1784555917.284338	data: {"id": "chatcmpl-f368492807314661bf6cd825", "object": "chat.completion.chunk", "created": 1784555915, "model": "dealignai/Nemotron-Omni-Nano-JANGTQ-CRACK", "choices": [{"index": 0, "delta": {"reasoning_content": " as"}, "finish_reason": null}]}
1784555917.289041
1784555917.296895	data: {"id": "chatcmpl-f368492807314661bf6cd825", "object": "chat.completion.chunk", "created": 1784555915, "model": "dealignai/Nemotron-Omni-Nano-JANGTQ-CRACK", "choices": [{"index": 0, "delta": {"reasoning_content": " described"}, "finish_reason": null}]}
1784555917.301508
1784555917.308531	data: {"id": "chatcmpl-f368492807314661bf6cd825", "object": "chat.completion.chunk", "created": 1784555915, "model": "dealignai/Nemotron-Omni-Nano-JANGTQ-CRACK", "choices": [{"index": 0, "delta": {"reasoning_content": "."}, "finish_reason": null}]}
1784555917.313258
1784555917.320953	data: {"id": "chatcmpl-f368492807314661bf6cd825", "object": "chat.completion.chunk", "created": 1784555915, "model": "dealignai/Nemotron-Omni-Nano-JANGTQ-CRACK", "choices": [{"index": 0, "delta": {"reasoning_content": " Probably"}, "finish_reason": null}]}
1784555917.325602
1784555917.332499	data: {"id": "chatcmpl-f368492807314661bf6cd825", "object": "chat.completion.chunk", "created": 1784555915, "model": "dealignai/Nemotron-Omni-Nano-JANGTQ-CRACK", "choices": [{"index": 0, "delta": {"reasoning_content": " separate"}, "finish_reason": null}]}
1784555917.337242
1784555917.345048	data: {"id": "chatcmpl-f368492807314661bf6cd825", "object": "chat.completion.chunk", "created": 1784555915, "model": "dealignai/Nemotron-Omni-Nano-JANGTQ-CRACK", "choices": [{"index": 0, "delta": {"reasoning_content": " lines"}, "finish_reason": null}]}
1784555917.349758
1784555917.356693	data: {"id": "chatcmpl-f368492807314661bf6cd825", "object": "chat.completion.chunk", "created": 1784555915, "model": "dealignai/Nemotron-Omni-Nano-JANGTQ-CRACK", "choices": [{"index": 0, "delta": {"reasoning_content": ".\n"}, "finish_reason": null}]}
1784555917.361391
1784555917.380755	data: {"id": "chatcmpl-f368492807314661bf6cd825", "object": "chat.completion.chunk", "created": 1784555915, "model": "dealignai/Nemotron-Omni-Nano-JANGTQ-CRACK", "choices": [{"index": 0, "delta": {"content": "\n"}, "finish_reason": null}]}
1784555917.385340
1784555917.392302	data: {"id": "chatcmpl-f368492807314661bf6cd825", "object": "chat.completion.chunk", "created": 1784555915, "model": "dealignai/Nemotron-Omni-Nano-JANGTQ-CRACK", "choices": [{"index": 0, "delta": {"content": "A"}, "finish_reason": null}]}
1784555917.396822
1784555917.404091	data: {"id": "chatcmpl-f368492807314661bf6cd825", "object": "chat.completion.chunk", "created": 1784555915, "model": "dealignai/Nemotron-Omni-Nano-JANGTQ-CRACK", "choices": [{"index": 0, "delta": {"content": "UDIO"}, "finish_reason": null}]}
1784555917.408647
1784555917.415732	data: {"id": "chatcmpl-f368492807314661bf6cd825", "object": "chat.completion.chunk", "created": 1784555915, "model": "dealignai/Nemotron-Omni-Nano-JANGTQ-CRACK", "choices": [{"index": 0, "delta": {"content": "-CH"}, "finish_reason": null}]}
1784555917.420375
1784555917.428243	data: {"id": "chatcmpl-f368492807314661bf6cd825", "object": "chat.completion.chunk", "created": 1784555915, "model": "dealignai/Nemotron-Omni-Nano-JANGTQ-CRACK", "choices": [{"index": 0, "delta": {"content": "AT"}, "finish_reason": null}]}
1784555917.432997
1784555917.440813	data: {"id": "chatcmpl-f368492807314661bf6cd825", "object": "chat.completion.chunk", "created": 1784555915, "model": "dealignai/Nemotron-Omni-Nano-JANGTQ-CRACK", "choices": [{"index": 0, "delta": {"content": "="}, "finish_reason": null}]}
1784555917.445519
1784555917.453107	data: {"id": "chatcmpl-f368492807314661bf6cd825", "object": "chat.completion.chunk", "created": 1784555915, "model": "dealignai/Nemotron-Omni-Nano-JANGTQ-CRACK", "choices": [{"index": 0, "delta": {"content": "OR"}, "finish_reason": null}]}
1784555917.457805
1784555917.464818	data: {"id": "chatcmpl-f368492807314661bf6cd825", "object": "chat.completion.chunk", "created": 1784555915, "model": "dealignai/Nemotron-Omni-Nano-JANGTQ-CRACK", "choices": [{"index": 0, "delta": {"content": "ANGE"}, "finish_reason": null}]}
1784555917.469420
1784555917.476557	data: {"id": "chatcmpl-f368492807314661bf6cd825", "object": "chat.completion.chunk", "created": 1784555915, "model": "dealignai/Nemotron-Omni-Nano-JANGTQ-CRACK", "choices": [{"index": 0, "delta": {"content": "-"}, "finish_reason": null}]}
1784555917.481272
1784555917.489100	data: {"id": "chatcmpl-f368492807314661bf6cd825", "object": "chat.completion.chunk", "created": 1784555915, "model": "dealignai/Nemotron-Omni-Nano-JANGTQ-CRACK", "choices": [{"index": 0, "delta": {"content": "4"}, "finish_reason": null}]}
1784555917.493744
1784555917.500668	data: {"id": "chatcmpl-f368492807314661bf6cd825", "object": "chat.completion.chunk", "created": 1784555915, "model": "dealignai/Nemotron-Omni-Nano-JANGTQ-CRACK", "choices": [{"index": 0, "delta": {"content": "7"}, "finish_reason": null}]}
1784555917.505249
1784555917.512525	data: {"id": "chatcmpl-f368492807314661bf6cd825", "object": "chat.completion.chunk", "created": 1784555915, "model": "dealignai/Nemotron-Omni-Nano-JANGTQ-CRACK", "choices": [{"index": 0, "delta": {"content": "2"}, "finish_reason": null}]}
1784555917.517297
1784555917.525021	data: {"id": "chatcmpl-f368492807314661bf6cd825", "object": "chat.completion.chunk", "created": 1784555915, "model": "dealignai/Nemotron-Omni-Nano-JANGTQ-CRACK", "choices": [{"index": 0, "delta": {"content": "9"}, "finish_reason": null}]}
1784555917.529650
1784555917.536638	data: {"id": "chatcmpl-f368492807314661bf6cd825", "object": "chat.completion.chunk", "created": 1784555915, "model": "dealignai/Nemotron-Omni-Nano-JANGTQ-CRACK", "choices": [{"index": 0, "delta": {"content": "\n"}, "finish_reason": null}]}
1784555917.541352
1784555917.549228	data: {"id": "chatcmpl-f368492807314661bf6cd825", "object": "chat.completion.chunk", "created": 1784555915, "model": "dealignai/Nemotron-Omni-Nano-JANGTQ-CRACK", "choices": [{"index": 0, "delta": {"content": "N"}, "finish_reason": null}]}
1784555917.553951
1784555917.561532	data: {"id": "chatcmpl-f368492807314661bf6cd825", "object": "chat.completion.chunk", "created": 1784555915, "model": "dealignai/Nemotron-Omni-Nano-JANGTQ-CRACK", "choices": [{"index": 0, "delta": {"content": "EM"}, "finish_reason": null}]}
1784555917.566383
1784555917.574261	data: {"id": "chatcmpl-f368492807314661bf6cd825", "object": "chat.completion.chunk", "created": 1784555915, "model": "dealignai/Nemotron-Omni-Nano-JANGTQ-CRACK", "choices": [{"index": 0, "delta": {"content": "O"}, "finish_reason": null}]}
1784555917.578933
1784555917.585825	data: {"id": "chatcmpl-f368492807314661bf6cd825", "object": "chat.completion.chunk", "created": 1784555915, "model": "dealignai/Nemotron-Omni-Nano-JANGTQ-CRACK", "choices": [{"index": 0, "delta": {"content": "-A"}, "finish_reason": null}]}
1784555917.590453
1784555917.597538	data: {"id": "chatcmpl-f368492807314661bf6cd825", "object": "chat.completion.chunk", "created": 1784555915, "model": "dealignai/Nemotron-Omni-Nano-JANGTQ-CRACK", "choices": [{"index": 0, "delta": {"content": "UDIO"}, "finish_reason": null}]}
1784555917.602371
1784555917.609193	data: {"id": "chatcmpl-f368492807314661bf6cd825", "object": "chat.completion.chunk", "created": 1784555915, "model": "dealignai/Nemotron-Omni-Nano-JANGTQ-CRACK", "choices": [{"index": 0, "delta": {"content": "-CH"}, "finish_reason": null}]}
1784555917.614046
1784555917.621705	data: {"id": "chatcmpl-f368492807314661bf6cd825", "object": "chat.completion.chunk", "created": 1784555915, "model": "dealignai/Nemotron-Omni-Nano-JANGTQ-CRACK", "choices": [{"index": 0, "delta": {"content": "AT"}, "finish_reason": null}]}
1784555917.626343
1784555917.633320	data: {"id": "chatcmpl-f368492807314661bf6cd825", "object": "chat.completion.chunk", "created": 1784555915, "model": "dealignai/Nemotron-Omni-Nano-JANGTQ-CRACK", "choices": [{"index": 0, "delta": {"content": "1"}, "finish_reason": null}]}
1784555917.637952
1784555917.645684	data: {"id": "chatcmpl-f368492807314661bf6cd825", "object": "chat.completion.chunk", "created": 1784555915, "model": "dealignai/Nemotron-Omni-Nano-JANGTQ-CRACK", "choices": [{"index": 0, "delta": {"content": "-D"}, "finish_reason": null}]}
1784555917.650400
1784555917.657455	data: {"id": "chatcmpl-f368492807314661bf6cd825", "object": "chat.completion.chunk", "created": 1784555915, "model": "dealignai/Nemotron-Omni-Nano-JANGTQ-CRACK", "choices": [{"index": 0, "delta": {"content": "ONE"}, "finish_reason": null}]}
1784555917.662111
1784555917.671829	data: {"id": "chatcmpl-f368492807314661bf6cd825", "object": "chat.completion.chunk", "created": 1784555915, "model": "dealignai/Nemotron-Omni-Nano-JANGTQ-CRACK", "choices": [{"index": 0, "delta": {}, "finish_reason": "stop"}], "usage": {"prompt_tokens": 111, "completion_tokens": 172, "total_tokens": 283}}
1784555917.682372
1784555917.689998	data: [DONE]
1784555917.695670
